{
    "root_group": {
        "name": "",
        "path": "",
        "id": "d41d8cd98f00b204e9800998ecf8427e",
        "groups": {},
        "checks": {}
    },
    "metrics": {
        "delivery_latency": {
            "avg": 1432.4863431806948,
            "min": 0,
            "med": 27,
            "max": 28188,
            "p(90)": 4718.700000000005,
            "p(95)": 8749.34999999999,
            "thresholds": {
                "p(95)<2000": true
            }
        },
        "http_req_sending": {
            "avg": 438.7504996977973,
            "min": 0,
            "med": 0.132125,
            "max": 18120.920378,
            "p(90)": 1705.5837790000014,
            "p(95)": 3145.645133
        },
        "http_req_receiving": {
            "avg": 0.5825703782126033,
            "min": 0,
            "med": 0.00975,
            "max": 10210.52364,
            "p(90)": 0.028167,
            "p(95)": 0.045084
        },
        "http_reqs": {
            "count": 161079,
            "rate": 488.1096145404142
        },
        "vus_max": {
            "value": 814,
            "min": 600,
            "max": 814
        },
        "missing_timestamps": {
            "count": 0,
            "rate": 0,
            "thresholds": {
                "count<100": false
            }
        },
        "dropped_iterations": {
            "count": 3490,
            "rate": 10.57557195379935
        },
        "http_req_blocked": {
            "min": 0,
            "med": 0.001292,
            "max": 4027.732075,
            "p(90)": 0.002833,
            "p(95)": 0.003875,
            "avg": 0.09899391260433253
        },
        "data_received": {
            "count": 86067911,
            "rate": 260807.273837736
        },
        "iterations": {
            "count": 108907,
            "rate": 330.01541970556616
        },
        "http_req_duration": {
            "avg": 398.38023931219993,
            "min": 0,
            "med": 1.215044,
            "max": 18120.929754,
            "p(90)": 1286.994519200001,
            "p(95)": 2981.264924799998
        },
        "post_errors": {
            "count": 60714,
            "rate": 183.97858899798675
        },
        "sse_errors": {
            "rate": 84.20155240120991,
            "count": 27787,
            "thresholds": {
                "count<10": true
            }
        },
        "data_sent": {
            "count": 47092618,
            "rate": 142702.39832429413
        },
        "http_req_connecting": {
            "p(90)": 0,
            "p(95)": 0,
            "avg": 0.08812549817734396,
            "min": 0,
            "med": 0,
            "max": 4027.705532
        },
        "iteration_duration": {
            "avg": 281.7130810120583,
            "min": 0.081916,
            "med": 0.554876,
            "max": 16585.294531,
            "p(90)": 866.1328976000003,
            "p(95)": 2039.6827292999997
        },
        "http_req_waiting": {
            "p(90)": 37.970990400000005,
            "p(95)": 174.8164415999998,
            "avg": 33.841044599805265,
            "min": 0,
            "med": 0.314542,
            "max": 4138.635042
        },
        "sse_message_received": {
            "count": 230654,
            "rate": 698.9392474016148,
            "thresholds": {
                "count>5": false
            }
        },
        "sse_message_sent": {
            "count": 48193,
            "rate": 146.0368307075794,
            "thresholds": {
                "count>5": false
            }
        },
        "sse_event": {
            "count": 236871,
            "rate": 717.7783106786263
        },
        "json_parse_errors": {
            "count": 0,
            "rate": 0,
            "thresholds": {
                "count<5": false
            }
        },
        "vus": {
            "value": 1,
            "min": 1,
            "max": 798
        },
        "http_req_failed": {
            "passes": 60714,
            "fails": 48193,
            "thresholds": {
                "rate<0.01": true
            },
            "value": 0.5574848265033469
        },
        "http_req_tls_handshaking": {
            "avg": 0,
            "min": 0,
            "med": 0,
            "max": 0,
            "p(90)": 0,
            "p(95)": 0
        }
    }
}